DVD,Metascore,Website,Year,Type,Velocity,Genre,Production,Language,Rotten Tomatoes,Metacritic,Rated,Awards,imdbVotes,Writer,Country,Title,Internet Movie Database,imdbID,Plot,BoxOffice,Poster,Released,imdbRating,Runtime,Actors,Director
07 Jan 2021,66,N/A,2020,movie,1,Drama,N/A,English,75%,66/100,R,Nominated for 1 Oscar. 6 wins & 60 nominations total,"44,828",Kata Wéber,"Canada, Hungary, United States",Pieces of a Woman,7.1/10,tt11161474,"When a young mother's home birth ends in unfathomable tragedy, she begins a year-long odyssey of mourning that fractures relationships with loved ones in this deeply personal story of a woman learning to live alongside her loss.",N/A,"https://m.media-amazon.com/images/M/MV5BMGE3MzMzOTAtOTExMy00MzFiLWFjNDItN2ZiZmYyYjY2MWUwXkEyXkFqcGdeQXVyMTEyMjM2NDc2._V1_UY67_CR0,0,45,67_AL_.jpg",07 Jan 2021,7.1,126 min,"Vanessa Kirby, Shia LaBeouf, Ellen Burstyn",Kornél Mundruczó
25 Dec 2020,83,N/A,2020,movie,2,"Animation, Adventure, Comedy",N/A,"English, Korean, Inuktitut",95%,83/100,PG,Won 2 Oscars. 117 wins & 91 nominations total,"284,194","Pete Docter, Mike Jones, Kemp Powers",United States,Soul,8.1/10,tt2948372,"After landing the gig of a lifetime, a New York jazz pianist suddenly finds himself trapped in a strange land between Earth and the afterlife.",N/A,"https://m.media-amazon.com/images/M/MV5BZGE1MDg5M2MtNTkyZS00MTY5LTg1YzUtZTlhZmM1Y2EwNmFmXkEyXkFqcGdeQXVyNjA3OTI0MDc@._V1_UY67_CR0,0,45,67_AL_.jpg",25 Dec 2020,8.1,100 min,"Jamie Foxx, Tina Fey, Graham Norton","Pete Docter, Kemp Powers"
25 Dec 2020,60,N/A,2020,movie,3,"Action, Adventure, Fantasy",N/A,"English, Arabic, Russian, Mandarin",58%,60/100,PG-13,9 wins & 38 nominations,"238,147","Patty Jenkins, Geoff Johns, Dave Callaham","United States, United Kingdom, Spain",Wonder Woman 1984,5.4/10,tt7126948,"Diana must contend with a work colleague and businessman, whose desire for extreme wealth sends the world down a path of destruction, after an ancient artifact that grants wishes goes missing.","$46,534,027","https://m.media-amazon.com/images/M/MV5BNWY2NWE0NWEtZGUwMC00NWMwLTkyNzUtNmIxMmIyYzA0MjNiXkEyXkFqcGdeQXVyMTA2OTQ3MTUy._V1_UY67_CR0,0,45,67_AL_.jpg",25 Dec 2020,5.4,151 min,"Gal Gadot, Chris Pine, Kristen Wiig",Patty Jenkins
15 Dec 2020,69,N/A,2020,movie,4,"Action, Sci-Fi, Thriller",N/A,"English, Russian, Ukrainian, Estonian, Norwegian, Hindi",70%,69/100,PG-13,Won 1 Oscar. 46 wins & 134 nominations total,"436,179",Christopher Nolan,"United States, United Kingdom",Tenet,7.4/10,tt6723592,"Armed with only one word, Tenet, and fighting for the survival of the entire world, a Protagonist journeys through a twilight world of international espionage on a mission that will unfold in something beyond real time.","$58,456,624","https://m.media-amazon.com/images/M/MV5BYzg0NGM2NjAtNmIxOC00MDJmLTg5ZmYtYzM0MTE4NWE2NzlhXkEyXkFqcGdeQXVyMTA4NjE0NjEy._V1_UX45_CR0,0,45,67_AL_.jpg",03 Sep 2020,7.5,150 min,"John David Washington, Robert Pattinson, Elizabeth Debicki",Christopher Nolan
12 Mar 2021,44,N/A,2021,movie,5,"Crime, Drama",N/A,English,37%,44/100,R,2 wins & 2 nominations,"27,134","Angela Russo-Otstot, Jessica Goldberg, Nico Walker",United States,Cherry,6.6/10,tt9130508,"Cherry drifts from college dropout to army medic in Iraq - anchored only by his true love, Emily. But after returning from the war with PTSD, his life spirals into drugs and crime as he struggles to find his place in the world.",N/A,"https://m.media-amazon.com/images/M/MV5BYTY3NzUxMDQtMWI5Zi00NmQ5LTlmMjAtM2ZjM2EwYTU1NGZhXkEyXkFqcGdeQXVyMTkxNjUyNQ@@._V1_UX45_CR0,0,45,67_AL_.jpg",12 Mar 2021,6.6,142 min,"Tom Holland, Ciara Bravo, Jack Reynor","Anthony Russo, Joe Russo"
05 Feb 2021,53,N/A,2021,movie,6,"Drama, Romance",N/A,English,57%,53/100,R,2 wins & 6 nominations,"32,355",Sam Levinson,United States,Malcolm & Marie,6.7/10,tt12676326,A director and his girlfriend's relationship is tested after they return home from his movie premiere and face each other's turmoil during one long night.,N/A,"https://m.media-amazon.com/images/M/MV5BYjVkMmU1NGItZjM4MC00ODM1LWEyOTEtY2Y1NTg0YjRhYjEwXkEyXkFqcGdeQXVyMDM2NDM2MQ@@._V1_UY67_CR0,0,45,67_AL_.jpg",05 Feb 2021,6.7,106 min,"John David Washington, Zendaya",Sam Levinson
15 Jan 2021,73,N/A,2020,movie,7,"Crime, Drama, Mystery",N/A,English,90%,73/100,R,Won 1 Oscar. 110 wins & 171 nominations total,"138,901",Emerald Fennell,"United Kingdom, United States",Promising Young Woman,7.5/10,tt9620292,"A young woman, traumatized by a tragic event in her past, seeks out vengeance against those who crossed her path.","$6,460,965","https://m.media-amazon.com/images/M/MV5BZDViMzBiNGMtZTIyNS00NzI4LWE3NDMtNmM1NDk0NzBlMWRlXkEyXkFqcGdeQXVyMTA2MDU0NjM5._V1_UY67_CR0,0,45,67_AL_.jpg",25 Dec 2020,7.5,113 min,"Carey Mulligan, Bo Burnham, Alison Brie",Emerald Fennell
15 Jan 2021,45,N/A,2021,movie,8,"Action, Adventure, Fantasy",N/A,"English, Ukrainian, Russian",36%,45/100,R,N/A,"39,447","Rob Yescombe, Rowan Athale","Hungary, United States",Outside the Wire,5.4/10,tt10451914,"In the near future, a drone pilot sent into a war zone finds himself paired with a top-secret android officer on a mission to stop a nuclear attack.",N/A,"https://m.media-amazon.com/images/M/MV5BNmM2MWQ0NzktNzU0OS00MjYzLTkxNDYtMzliNTA5ZmNkMmZlXkEyXkFqcGdeQXVyMDM2NDM2MQ@@._V1_UY67_CR0,0,45,67_AL_.jpg",15 Jan 2021,5.4,114 min,"Anthony Mackie, Damson Idris, Enzo Cilenti",Mikael Håfström
15 Jan 2021,73,N/A,2020,movie,9,"Action, Adventure, Drama",N/A,"English, North American Indian, German",88%,73/100,PG-13,Nominated for 4 Oscars. 5 wins & 79 nominations total,"78,314","Paul Greengrass, Luke Davies, Paulette Jiles","United States, China",News of the World,6.8/10,tt6878306,"A Civil War veteran agrees to deliver a girl, taken by the Kiowa people years ago, to her aunt and uncle, against her will. They travel hundreds of miles and face grave dangers as they search for a place that either can call home.","$12,668,325","https://m.media-amazon.com/images/M/MV5BMDNlNmVlNDItMjE3Yi00ZTA3LWIyOTktNDhhMGFlZjk5ZDQ0XkEyXkFqcGdeQXVyMDM2NDM2MQ@@._V1_UY67_CR0,0,45,67_AL_.jpg",25 Dec 2020,6.9,118 min,"Tom Hanks, Helena Zengel, Tom Astor",Paul Greengrass
01 Feb 2005,60,N/A,1984,movie,10,"Action, Drama, Family",N/A,"English, Japanese",89%,60/100,PG,Nominated for 1 Oscar. 2 wins & 3 nominations total,"209,846",Robert Mark Kamen,United States,The Karate Kid,7.3/10,tt0087538,A martial arts master agrees to teach karate to a bullied teenager.,"$91,077,276","https://m.media-amazon.com/images/M/MV5BNTkzY2YzNmYtY2ViMS00MThiLWFlYTEtOWQ1OTBiOGEwMTdhXkEyXkFqcGdeQXVyMTQxNzMzNDI@._V1_UX45_CR0,0,45,67_AL_.jpg",22 Jun 1984,7.3,126 min,"Ralph Macchio, Pat Morita, Elisabeth Shue",John G. Avildsen
25 Dec 2020,51,N/A,2020,movie,11,"Action, Comedy, Drama",N/A,English,74%,51/100,PG,1 nomination,"12,987","Robert Rodriguez, Sara Endsley, Dan Foos",United States,We Can Be Heroes,4.7/10,tt10600398,"When alien invaders capture the Earth's superheroes, their kids must learn to work together to save their parents- and the planet.",N/A,"https://m.media-amazon.com/images/M/MV5BYmU3OGFhZDItMjhlZi00YjQwLWJlOTItYzlhOGEwNGU3NjIwXkEyXkFqcGdeQXVyMTkxNjUyNQ@@._V1_UY67_CR0,0,45,67_AL_.jpg",25 Dec 2020,4.7,100 min,"YaYa Gosselin, Pedro Pascal, Priyanka Chopra Jonas",Robert Rodriguez
15 Jan 2021,42,N/A,2021,movie,12,"Comedy, Crime, Romance",N/A,English,41%,42/100,R,N/A,"10,179",Steven Knight,"United Kingdom, United States",Locked Down,5.2/10,tt13061914,"A couple attempts a high-risk, high-stakes jewelry heist at a department store.",N/A,"https://m.media-amazon.com/images/M/MV5BZDQwY2I3MmYtZDQ2Zi00YTM3LTg2ZTQtOTJjM2I2Y2M3OGMwXkEyXkFqcGdeQXVyNzE3ODQxNjU@._V1_UY67_CR4,0,45,67_AL_.jpg",14 Jan 2021,5.0,118 min,"Chiwetel Ejiofor, Anne Hathaway, Sonic",Doug Liman
N/A,N/A,N/A,2021,movie,13,"Comedy, Drama, Sci-Fi",N/A,English,,,R,N/A,N/A,"Adam McKay, David Sirota",United States,Don't Look Up,,tt11286314,Two low-level astronomers must go on a giant media tour to warn mankind of an approaching comet that will destroy planet Earth.,N/A,"https://m.media-amazon.com/images/M/MV5BN2ZhMzMzNWEtZThlOS00MzU1LTgwMGQtMGI4ZWU0OTEzMTM3XkEyXkFqcGdeQXVyODc0OTEyNDU@._V1_UY67_CR2,0,45,67_AL_.jpg",24 Dec 2021,N/A,145 min,"Timothée Chalamet, Leonardo DiCaprio, Jennifer Lawrence",Adam McKay
28 May 2020,67,N/A,2020,movie,14,"Comedy, Drama",N/A,English,75%,67/100,R,3 wins & 24 nominations,"54,321","Judd Apatow, Pete Davidson, Dave Sirus","United States, Japan",The King of Staten Island,7.1/10,tt9686708,Scott has been a case of arrested development since his firefighter dad died. He spends his days smoking weed and dreaming of being a tattoo artist until events force him to grapple with his grief and take his first steps forward in ,N/A,"https://m.media-amazon.com/images/M/MV5BYzkxMzMzOTgtNmZhMS00MGM0LTk3MzUtMjE1MzI4MzU5ZjkzXkEyXkFqcGdeQXVyMDA4NzMyOA@@._V1_UX45_CR0,0,45,67_AL_.jpg",12 Jun 2020,7.1,136 min,"Pete Davidson, Bel Powley, Ricky Velez",Judd Apatow
23 Apr 2021,44,N/A,2021,movie,15,"Action, Adventure, Fantasy",N/A,"English, Japanese, Chinese",55%,44/100,R,1 nomination.,"150,743","Greg Russo, Dave Callaham, Oren Uziel",United States,Mortal Kombat,6.1/10,tt0293429,MMA fighter Cole Young seeks out Earth's greatest champions in order to stand against the enemies of Outworld in a high stakes battle for the universe.,"$42,201,013","https://m.media-amazon.com/images/M/MV5BY2VkZTcxM2QtMTYyNi00YzA5LTlmMWMtNDYzOTIxMzQ2MjczXkEyXkFqcGdeQXVyMTkxNjUyNQ@@._V1_UY67_CR0,0,45,67_AL_.jpg",23 Apr 2021,6.1,110 min,"Lewis Tan, Jessica McNamee, Josh Lawson",Simon McQuoid
15 Jan 2021,83,N/A,2020,movie,16,Drama,N/A,"English, Arabic",98%,83/100,R,Nominated for 3 Oscars. 68 wins & 179 nominations total,"29,419",Kemp Powers,United States,One Night in Miami,7.1/10,tt10612922,"A fictional account of one incredible night where icons Muhammad Ali, Malcolm X, Sam Cooke, and Jim Brown gathered discussing their roles in the Civil Rights Movement and cultural upheaval of the 60s.",N/A,"https://m.media-amazon.com/images/M/MV5BYmJlYWQ0NWMtMzU5Ni00MDNhLTk2YmUtYWYzZTJhMDMxMzE0XkEyXkFqcGdeQXVyODE0OTU5Nzg@._V1_UY67_CR0,0,45,67_AL_.jpg",08 Jan 2021,7.3,114 min,"Kingsley Ben-Adir, Eli Goree, Aldis Hodge",Regina King
12 Feb 2021,64,N/A,2021,movie,17,Comedy,N/A,English,80%,64/100,PG-13,1 win & 3 nominations,"13,475","Annie Mumolo, Kristen Wiig","United States, Mexico",Barb and Star Go to Vista Del Mar,6.4/10,tt3797512,Lifelong friends Barb and Star embark on the adventure of a lifetime when they decide to leave their small Midwestern town for the first time - ever.,N/A,"https://m.media-amazon.com/images/M/MV5BOWE0NGU4MTUtMjBlNS00N2NiLWFhYWMtZTczOGY5YjM3MmU1XkEyXkFqcGdeQXVyMjMxOTE0ODA@._V1_UY67_CR0,0,45,67_AL_.jpg",12 Feb 2021,6.4,107 min,"Kristen Wiig, Annie Mumolo, Jamie Dornan",Josh Greenbaum
23 Dec 2020,58,N/A,2020,movie,18,"Drama, Fantasy, Sci-Fi",N/A,English,50%,58/100,PG-13,Nominated for 1 Oscar. 5 wins & 47 nominations total,"78,712","Lily Brooks-Dalton, Mark L. Smith",United States,The Midnight Sky,5.6/10,tt10539608,"This post-apocalyptic tale follows Augustine, a lonely scientist in the Arctic, as he races to stop Sully and her fellow astronauts from returning home to a mysterious global catastrophe.",N/A,"https://m.media-amazon.com/images/M/MV5BNDQwYjJjODMtOWNmNC00NDJjLThiNDgtNzVkOTM1MjY5NDQ5XkEyXkFqcGdeQXVyMTEyMjM2NDc2._V1_UY67_CR0,0,45,67_AL_.jpg",23 Dec 2020,5.6,118 min,"George Clooney, Felicity Jones, David Oyelowo",George Clooney
26 Jan 2021,64,N/A,2019,movie,19,"Drama, Horror, Mystery",N/A,English,79%,64/100,R,6 nominations,"25,092",Justin Benson,United States,Synchronic,6.2/10,tt9016974,"Two New Orleans paramedics' lives are ripped apart after they encounter a series of horrific deaths linked to a designer drug with bizarre, otherworldly effects.","$636,673","https://m.media-amazon.com/images/M/MV5BYWVlNjUxNzctZTI3NC00MDMzLWFlMjAtYmI2NWE5ZWJhYjZmXkEyXkFqcGdeQXVyMTEyMjM2NDc2._V1_UY67_CR0,0,45,67_AL_.jpg",23 Oct 2020,6.2,102 min,"Anthony Mackie, Jamie Dornan, Katie Aselton","Justin Benson, Aaron Moorhead"
05 May 2021,66,N/A,2020,movie,20,"Action, Horror, War",N/A,English,77%,66/100,R,2 wins,"22,359","Max Landis, Roseanne Liang","New Zealand, United States",Shadow in the Cloud,4.9/10,tt9691136,A female WWII pilot traveling with top secret documents on a B-17 Flying Fortress encounters an evil presence on board the flight.,"$156,932","https://m.media-amazon.com/images/M/MV5BNWNiNGQyMzUtN2VmMi00NDI2LWI3NGUtMTEwZGQxYzFjZTNjXkEyXkFqcGdeQXVyMTEyNDk3MjY3._V1_UY67_CR0,0,45,67_AL_.jpg",01 Jan 2021,4.7,83 min,"Chloë Grace Moretz, Nick Robinson, Beulah Koale",Roseanne Liang
N/A,N/A,N/A,2021,movie,21,"Action, Thriller",N/A,Tamil,,,Not Rated,N/A,"64,758","Lokesh Kanagaraj, Pon Parthiban, Rathna Kumar",India,Master,7.8/10,tt10579952,"An alcoholic professor is sent to a juvenile school, where he clashes with a gangster who uses the school children for criminal activities.",N/A,"https://m.media-amazon.com/images/M/MV5BNmU1OTYzYzAtMDcyOS00MDI0LTg2ZmQtYTEyMDdmMmQ0MjY5XkEyXkFqcGdeQXVyOTk3NTc2MzE@._V1_UY67_CR2,0,45,67_AL_.jpg",13 Jan 2021,7.7,179 min,"Joseph Vijay, Vijay Sethupathi, Malavika Mohanan",Lokesh Kanagaraj
08 Jan 2021,42,N/A,2020,movie,22,Thriller,N/A,English,45%,42/100,R,N/A,"8,399",David Loughery,United States,Fatale,5.4/10,tt8829830,"After a one-night stand, a successful married man finds himself entangled in a cunning police detective's latest investigation.","$6,306,897","https://m.media-amazon.com/images/M/MV5BZmI2OThhMmYtZjVjOC00NWE3LWIwOGItMWM1MTEzMGNiOTM4XkEyXkFqcGdeQXVyMTEyMjM2NDc2._V1_UY67_CR0,0,45,67_AL_.jpg",18 Dec 2020,4.9,102 min,"Hilary Swank, Michael Ealy, Mike Colter",Deon Taylor
19 Feb 2021,93,N/A,2020,movie,23,Drama,N/A,English,93%,93/100,R,Won 3 Oscars. 236 wins & 143 nominations total,"133,998","Chloé Zhao, Jessica Bruder",United States,Nomadland,7.4/10,tt9770150,"A woman in her sixties, after losing everything in the Great Recession, embarks on a journey through the American West, living as a van-dwelling modern-day nomad.","$3,700,000","https://m.media-amazon.com/images/M/MV5BZTJjYTcwZjEtMzdmOS00OTVjLWEwM2UtYzEyN2I3N2VkYmY1XkEyXkFqcGdeQXVyMDM2NDM2MQ@@._V1_UY67_CR0,0,45,67_AL_.jpg",19 Feb 2021,7.7,107 min,"Frances McDormand, David Strathairn, Linda May",Chloé Zhao
18 Dec 2020,79,N/A,2020,movie,24,"Comedy, Drama",N/A,"Danish, Swedish",92%,79/100,Not Rated,Won 1 Oscar. 44 wins & 58 nominations total,"118,224","Thomas Vinterberg, Tobias Lindholm","Denmark, Sweden, Netherlands",Another Round,7.8/10,tt10288566,Four high school teachers consume alcohol on a daily basis to see how it affects their social and professional lives.,N/A,"https://m.media-amazon.com/images/M/MV5BOTNjM2Y2ZjgtMDc5NS00MDQ1LTgyNGYtYzYwMTAyNWQwYTMyXkEyXkFqcGdeQXVyMjE4NzUxNDA@._V1_UY67_CR0,0,45,67_AL_.jpg",18 Dec 2020,7.8,117 min,"Mads Mikkelsen, Thomas Bo Larsen, Magnus Millang",Thomas Vinterberg
12 Feb 2021,85,N/A,2021,movie,25,"Biography, Drama, History",N/A,English,96%,85/100,R,Won 2 Oscars. 38 wins & 57 nominations total,"62,693","Will Berson, Shaka King, Kenneth Lucas",United States,Judas and the Black Messiah,7.5/10,tt9784798,"Offered a plea deal by the FBI, William O'Neal infiltrates the Illinois chapter of the Black Panther Party to gather intelligence on Chairman Fred Hampton.","$5,446,607","https://m.media-amazon.com/images/M/MV5BYjNlZWZmYTUtOGMzNy00ODVlLWFjOGMtNjUwMmUwMWNiMjk5XkEyXkFqcGdeQXVyMTkxNjUyNQ@@._V1_UY67_CR0,0,45,67_AL_.jpg",12 Feb 2021,7.5,126 min,"Daniel Kaluuya, LaKeith Stanfield, Jesse Plemons",Shaka King
26 Sep 2017,76,N/A,2017,movie,26,"Action, Adventure, Fantasy",N/A,"English, German, Dutch, Flemish, French, Spanish, Chinese, Greek, Ancient (to 1453), North American Indian",93%,76/100,PG-13,29 wins & 72 nominations,"616,923","Allan Heinberg, Zack Snyder, Jason Fuchs","United States, United Kingdom",Wonder Woman,7.4/10,tt0451279,"When a pilot crashes and tells of conflict in the outside world, Diana, an Amazonian warrior in training, leaves home to fight a war, discovering her full powers and true destiny.","$412,815,408","https://m.media-amazon.com/images/M/MV5BMTYzODQzYjQtNTczNC00MzZhLTg1ZWYtZDUxYmQ3ZTY4NzA1XkEyXkFqcGdeQXVyODE5NzE3OTE@._V1_UY67_CR0,0,45,67_AL_.jpg",02 Jun 2017,7.4,141 min,"Gal Gadot, Chris Pine, Robin Wright",Patty Jenkins
N/A,51,N/A,2019,movie,27,"Action, Comedy, Crime",N/A,"English, Russian, Spanish, Chinese",,51/100,R,1 win & 4 nominations,"287,104","Guy Ritchie, Ivan Atkinson, Marn Davies","United Kingdom, United States",The Gentlemen,7.8/10,tt8367814,"An American expat tries to sell off his highly profitable marijuana empire in London, triggering plots, schemes, bribery and blackmail in an attempt to steal his domain out from under him.","$36,471,795","https://m.media-amazon.com/images/M/MV5BMTlkMmVmYjktYTc2NC00ZGZjLWEyOWUtMjc2MDMwMjQwOTA5XkEyXkFqcGdeQXVyNTI4MzE4MDU@._V1_UY67_CR0,0,45,67_AL_.jpg",24 Jan 2020,7.8,113 min,"Matthew McConaughey, Charlie Hunnam, Michelle Dockery",Guy Ritchie
10 Jul 2001,36,N/A,1989,movie,28,"Action, Drama, Family",N/A,English,13%,36/100,PG,5 nominations,"57,767",Robert Mark Kamen,United States,The Karate Kid Part III,5.3/10,tt0097647,"Ostracised villain John Kreese attempts to gain revenge on Daniel and Miyagi, with the help of a Vietnam War comrade, the wealthy owner of a toxic waste disposal business.","$38,956,288","https://m.media-amazon.com/images/M/MV5BODk0NzA4MTMtNGQ3Zi00OTdlLThiZmQtOTI0YWEyNDFiMTg2XkEyXkFqcGdeQXVyNTUyMzE4Mzg@._V1_UX45_CR0,0,45,67_AL_.jpg",30 Jun 1989,5.3,112 min,"Ralph Macchio, Pat Morita, Robyn Lively",John G. Avildsen
30 Jul 2019,78,N/A,2019,movie,29,"Action, Adventure, Drama",N/A,"English, Japanese, Xhosa, German",94%,78/100,PG-13,Nominated for 1 Oscar. 70 wins & 123 nominations total,"961,825","Christopher Markus, Stephen McFeely, Stan Lee",United States,Avengers: Endgame,8.4/10,tt4154796,"After the devastating events of Avengers: Infinity War (2018), the universe is in ruins. With the help of remaining allies, the Avengers assemble once more in order to reverse Thanos' actions and restore balance to the universe.","$858,373,000","https://m.media-amazon.com/images/M/MV5BMTc5MDE2ODcwNV5BMl5BanBnXkFtZTgwMzI2NzQ2NzM@._V1_UY67_CR0,0,45,67_AL_.jpg",26 Apr 2019,8.4,181 min,"Robert Downey Jr., Chris Evans, Mark Ruffalo","Anthony Russo, Joe Russo"
29 Jan 2021,54,N/A,2021,movie,30,"Crime, Drama, Mystery",N/A,"English, Spanish, Arabic",45%,54/100,R,1 win & 2 nominations,"79,933",John Lee Hancock,United States,The Little Things,6.3/10,tt10016180,"Kern County Deputy Sheriff Joe Deacon is sent to Los Angeles for what should have been a quick evidence-gathering assignment. Instead, he becomes embroiled in the search for a serial killer who is terrorizing the city.","$15,244,012","https://m.media-amazon.com/images/M/MV5BOGFlNTdmYWQtM2IzMi00YTY3LTlmMDQtZDI5NGQ5MjYzZmEwXkEyXkFqcGdeQXVyNjY1MTg4Mzc@._V1_UY67_CR0,0,45,67_AL_.jpg",29 Jan 2021,6.3,128 min,"Denzel Washington, Rami Malek, Jared Leto",John Lee Hancock
14 Jan 2021,13,N/A,2020,movie,31,"Crime, Drama, Thriller",N/A,"English, Spanish",40%,13/100,N/A,N/A,"19,873",Kyle Rankin,United States,Run Hide Fight,6.4/10,tt11456054,"17-year-old Zoe Hull uses her wits, survival skills, and compassion to fight for her life, and those of her fellow classmates, against a group of live-streaming school shooters.",N/A,"https://m.media-amazon.com/images/M/MV5BNTkyMzMxN2MtNjFjYS00MmRjLWJjMjctYzBlMGZiM2I1MmQ2XkEyXkFqcGdeQXVyNjIwNjI4NTA@._V1_UY67_CR0,0,45,67_AL_.jpg",14 Jan 2021,7.1,109 min,"Isabel May, Radha Mitchell, Thomas Jane",Kyle Rankin
17 Dec 2020,N/A,N/A,2020,movie,32,"Adventure, Drama, Thriller",N/A,English,40%,,PG-13,N/A,"7,665","Josh Campbell, Matthew Stuecken","Sweden, United States",Horizon Line,4.7/10,tt5498354,A couple flying on a small plane to attend a tropical island wedding must fight for their lives after their pilot suffers a heart attack.,N/A,"https://m.media-amazon.com/images/M/MV5BMTE1YjYwZmItYWEzMS00MGM3LTlhYTQtOWIyM2Y1MmUzNzUyXkEyXkFqcGdeQXVyMTkxNjUyNQ@@._V1_UY67_CR0,0,45,67_AL_.jpg",12 Jan 2021,4.7,92 min,"Allison Williams, Alexander Dreymon, Keith David",Mikael Marcimain
N/A,82,N/A,2019,movie,33,"Drama, Music",Caviar,"English, American Sign , French",97%,82/100,R,Won 2 Oscars. 83 wins & 163 nominations total,"108,956","Darius Marder, Abraham Marder, Derek Cianfrance",United States,Sound of Metal,7.8/10,tt5363618,A heavy-metal drummer's life is thrown into freefall when he begins to lose his hearing.,N/A,"https://m.media-amazon.com/images/M/MV5BNjcyYjg0M2ItMzMyZS00NmM1LTlhZDMtN2MxN2RhNWY4YTkwXkEyXkFqcGdeQXVyNjY1MTg4Mzc@._V1_UY67_CR0,0,45,67_AL_.jpg",04 Dec 2020,7.8,120 min,"Riz Ahmed, Olivia Cooke, Paul Raci",Darius Marder
N/A,N/A,N/A,2020,movie,34,"Drama, Romance",N/A,"Polish, English, Italian",,,TV-MA,1 win & 5 nominations,"68,924","Tomasz Klimala, Tomasz Mandes, Barbara Bialowas",Poland,365 Days,3.2/10,tt10886166,"Massimo is a member of the Sicilian Mafia family and Laura is a sales director. She does not expect that on a trip to Sicily trying to save her relationship, Massimo will kidnap her and give her 365 days to fall in love with him.",N/A,"https://m.media-amazon.com/images/M/MV5BODljZTM3ODAtMDc0YS00NmI4LTlmZTUtM2I5MDAzNTQxZmMxXkEyXkFqcGdeQXVyMTEwMTY3NDI@._V1_UY67_CR1,0,45,67_AL_.jpg",07 Jun 2020,3.2,114 min,"Anna Maria Sieklucka, Michele Morrone, Bronislaw Wroclawski","Barbara Bialowas, Tomasz Mandes"
11 Oct 2019,96,N/A,2019,movie,35,"Comedy, Drama, Thriller",N/A,"Korean, English",98%,96/100,R,Won 4 Oscars. 306 wins & 271 nominations total,"682,502","Bong Joon Ho, Jin-won Han",South Korea,Parasite,8.6/10,tt6751668,Greed and class discrimination threaten the newly formed symbiotic relationship between the wealthy Park family and the destitute Kim clan.,"$53,369,749","https://m.media-amazon.com/images/M/MV5BYWZjMjk3ZTItODQ2ZC00NTY5LWE0ZDYtZTI3MjcwN2Q5NTVkXkEyXkFqcGdeQXVyODk4OTc3MTY@._V1_UY67_CR0,0,45,67_AL_.jpg",08 Nov 2019,8.6,132 min,"Kang-ho Song, Sun-kyun Lee, Yeo-jeong Cho",Bong Joon Ho
04 Sep 2020,66,N/A,2020,movie,36,"Action, Adventure, Drama",N/A,"English, Mandarin",73%,66/100,PG-13,Nominated for 2 Oscars. 7 wins & 42 nominations total,"137,941","Rick Jaffa, Amanda Silver, Lauren Hynek","United States, Hong Kong",Mulan,5.7/10,tt4566758,A young Chinese maiden disguises herself as a male warrior in order to save her father.,N/A,"https://m.media-amazon.com/images/M/MV5BNDliY2E1MjUtNzZkOS00MzJlLTgyOGEtZDg4MTI1NzZkMTBhXkEyXkFqcGdeQXVyNjMwMzc3MjE@._V1_UY67_CR0,0,45,67_AL_.jpg",04 Sep 2020,5.6,115 min,"Liu Yifei, Donnie Yen, Gong Li",Niki Caro
12 Jun 2020,82,N/A,2019,movie,37,"Comedy, Crime, Drama",N/A,"English, Spanish, Hindi",97%,82/100,PG-13,Nominated for 1 Oscar. 52 wins & 112 nominations total,"549,245",Rian Johnson,United States,Knives Out,7.9/10,tt8946378,"A detective investigates the death of a patriarch of an eccentric, combative family.","$165,363,234","https://m.media-amazon.com/images/M/MV5BMGUwZjliMTAtNzAxZi00MWNiLWE2NzgtZGUxMGQxZjhhNDRiXkEyXkFqcGdeQXVyNjU1NzU3MzE@._V1_UY67_CR0,0,45,67_AL_.jpg",27 Nov 2019,7.9,130 min,"Daniel Craig, Chris Evans, Ana de Armas",Rian Johnson
23 Oct 2020,14,N/A,2020,movie,38,"Drama, Romance",N/A,"English, Chinese",13%,14/100,R,1 win,"26,433","Anna Todd, Mario Celaya",United States,After We Collided,5.2/10,tt10362466,"Based on the 2014 romance novel of the same name, this follows the love life of two young adults.","$2,386,483","https://m.media-amazon.com/images/M/MV5BN2UyNGM3MDUtMTIzZi00ZDdkLThlYTktYjk0ZDMzM2JiMjMyXkEyXkFqcGdeQXVyNzE0MjkxMzA@._V1_UY67_CR0,0,45,67_AL_.jpg",23 Oct 2020,5.0,105 min,"Josephine Langford, Hero Fiennes Tiffin, Dylan Sprouse",Roger Kumble
25 Mar 2014,75,N/A,2013,movie,39,"Biography, Comedy, Crime",N/A,"English, French",79%,75/100,R,Nominated for 5 Oscars. 37 wins & 179 nominations total,"1,282,831","Terence Winter, Jordan Belfort",United States,The Wolf of Wall Street,8.2/10,tt0993846,"Based on the true story of Jordan Belfort, from his rise to a wealthy stock-broker living the high life to his fall involving crime, corruption and the federal government.","$116,900,694","https://m.media-amazon.com/images/M/MV5BMjIxMjgxNTk0MF5BMl5BanBnXkFtZTgwNjIyOTg2MDE@._V1_UY67_CR0,0,45,67_AL_.jpg",25 Dec 2013,8.2,180 min,"Leonardo DiCaprio, Jonah Hill, Margot Robbie",Martin Scorsese
27 Aug 2019,83,N/A,2019,movie,40,"Comedy, Drama",N/A,"English, Italian, Spanish, German",85%,83/100,R,Won 2 Oscars. 141 wins & 376 nominations total,"651,102",Quentin Tarantino,"United States, United Kingdom, China",Once Upon a Time... In Hollywood,7.6/10,tt7131622,A faded television actor and his stunt double strive to achieve fame and success in the final years of Hollywood's Golden Age in 1969 Los Angeles.,"$142,502,728","https://m.media-amazon.com/images/M/MV5BOTg4ZTNkZmUtMzNlZi00YmFjLTk1MmUtNWQwNTM0YjcyNTNkXkEyXkFqcGdeQXVyNjg2NjQwMDQ@._V1_UY67_CR0,0,45,67_AL_.jpg",26 Jul 2019,7.6,161 min,"Leonardo DiCaprio, Brad Pitt, Margot Robbie",Quentin Tarantino
N/A,74,N/A,2021,movie,41,"Action, Adventure, Drama",N/A,"English, Mandarin",,74/100,PG-13,4 nominations,"308,204","Jon Spaihts, Denis Villeneuve, Eric Roth","United States, Canada",Dune,8.2/10,tt1160419,"Feature adaptation of Frank Herbert's science fiction novel, about the son of a noble family entrusted with the protection of the most valuable asset and most vital element in the galaxy.","$86,400,407","https://m.media-amazon.com/images/M/MV5BMGFkZGY0NTgtMGEyZC00YzhjLTkyOWItYzMzOTljMDA3ZjU2XkEyXkFqcGdeQXVyNzc4NTU3Njg@._V1_UX45_CR0,0,45,67_AL_.jpg",22 Oct 2021,8.2,155 min,"Timothée Chalamet, Rebecca Ferguson, Zendaya",Denis Villeneuve
N/A,47,N/A,2020,movie,42,"Action, Adventure, Fantasy",N/A,English,,47/100,PG-13,1 nomination,"48,211","Paul W.S. Anderson, Kaname Fujioka","Germany, United States, Japan, China, South Africa, Canada",Monster Hunter,5.3/10,tt6475714,"When Cpt. Artemis and her loyal soldiers are transported to a new world, they engage in a desperate battle for survival against enormous enemies with incredible powers. Feature film based on the video game by Capcom.","$15,162,470","https://m.media-amazon.com/images/M/MV5BOGU3NTFmNjYtODc3Ny00MWEzLWI3M2ItZjE3NDgwMTI0MzkzXkEyXkFqcGdeQXVyMTEyMjM2NDc2._V1_UY67_CR0,0,45,67_AL_.jpg",18 Dec 2020,5.3,103 min,"Milla Jovovich, Tony Jaa, Ron Perlman",Paul W.S. Anderson
20 Nov 2020,67,N/A,2020,movie,43,"Mystery, Thriller",N/A,English,88%,67/100,PG-13,3 wins & 5 nominations,"61,341","Aneesh Chaganty, Sev Ohanian","United States, Canada",Run,6.7/10,tt8633478,A homeschooled teenager begins to suspect her mother is keeping a dark secret from her.,N/A,"https://m.media-amazon.com/images/M/MV5BMDcwOWVkZTEtNjJhMy00MGI0LWI3NmYtOGY5NWYxZTQ0YTE5XkEyXkFqcGdeQXVyMjkwOTAyMDU@._V1_UY67_CR0,0,45,67_AL_.jpg",20 Nov 2020,6.7,90 min,"Sarah Paulson, Kiera Allen, Sara Sohn",Aneesh Chaganty
28 May 2019,64,N/A,2019,movie,44,"Action, Adventure, Sci-Fi",N/A,English,79%,64/100,PG-13,9 wins & 52 nominations,"500,338","Anna Boden, Ryan Fleck, Geneva Robertson-Dworet","United States, Australia",Captain Marvel,6.8/10,tt4154664,Carol Danvers becomes one of the universe's most powerful heroes when Earth is caught in the middle of a galactic war between two alien races.,"$426,829,839","https://m.media-amazon.com/images/M/MV5BMTE0YWFmOTMtYTU2ZS00ZTIxLWE3OTEtYTNiYzBkZjViZThiXkEyXkFqcGdeQXVyODMzMzQ4OTI@._V1_UY67_CR0,0,45,67_AL_.jpg",08 Mar 2019,6.9,123 min,"Brie Larson, Samuel L. Jackson, Ben Mendelsohn","Anna Boden, Ryan Fleck"
11 May 2004,100,N/A,1972,movie,45,"Crime, Drama",N/A,"English, Italian, Latin",97%,100/100,R,Won 3 Oscars. 31 wins & 30 nominations total,"1,719,632","Mario Puzo, Francis Ford Coppola",United States,The Godfather,9.2/10,tt0068646,The Godfather follows Vito Corleone Don of the Corleone family as he passes the mantel to his son Michael,"$134,966,411","https://m.media-amazon.com/images/M/MV5BM2MyNjYxNmUtYTAwNi00MTYxLWJmNWYtYzZlODY3ZTk3OTFlXkEyXkFqcGdeQXVyNzkwMjQ5NzM@._V1_UY67_CR1,0,45,67_AL_.jpg",24 Mar 1972,9.2,175 min,"Marlon Brando, Al Pacino, James Caan",Francis Ford Coppola
27 Sep 2019,40,N/A,2021,movie,46,"Drama, Romance",N/A,English,87%,40/100,R,1 win & 2 nominations,"15,888",Mike Cahill,United States,Bliss,5.4/10,tt10333426,"A mind-bending love story following Greg who, after recently being divorced and then fired, meets the mysterious Isabel, a woman living on the streets and convinced that the polluted, broken world around them is a computer simulation",N/A,"https://m.media-amazon.com/images/M/MV5BYmFjNWY5NjQtMTJiNC00NjFlLWIxMGQtNzhmMmQ0MjhiZjQyXkEyXkFqcGdeQXVyMTEyMjM2NDc2._V1_UY67_CR0,0,45,67_AL_.jpg",05 Feb 2021,5.4,103 min,"Owen Wilson, Salma Hayek, Nesta Cooper",Mike Cahill
16 Oct 2020,76,N/A,2020,movie,47,"Drama, History, Thriller",N/A,"English, Latin, French",89%,76/100,R,Nominated for 6 Oscars. 56 wins & 188 nominations total,"161,362",Aaron Sorkin,"United States, United Kingdom, India",The Trial of the Chicago 7,7.8/10,tt1070874,"The story of 7 people on trial stemming from various charges surrounding the uprising at the 1968 Democratic National Convention in Chicago, Illinois.",N/A,"https://m.media-amazon.com/images/M/MV5BYjYzOGE1MjUtODgyMy00ZDAxLTljYTgtNzk0Njg2YWQwMTZhXkEyXkFqcGdeQXVyMDM2NDM2MQ@@._V1_UY67_CR0,0,45,67_AL_.jpg",16 Oct 2020,7.8,129 min,"Eddie Redmayne, Alex Sharp, Sacha Baron Cohen",Aaron Sorkin
04 Dec 2020,79,N/A,2020,movie,48,"Biography, Comedy, Drama",N/A,"English, German, Latin",83%,79/100,R,Won 2 Oscars. 55 wins & 262 nominations total,"67,714",Jack Fincher,United States,Mank,6.9/10,tt10618286,1930's Hollywood is reevaluated through the eyes of scathing social critic and alcoholic screenwriter Herman J. Mankiewicz as he races to finish the screenplay of Citizen Kane (1941).,N/A,"https://m.media-amazon.com/images/M/MV5BZTllMjI0ZGYtM2FmZC00ZmY4LTlkNTYtZThlOWQ1OGQyZTA3XkEyXkFqcGdeQXVyMDM2NDM2MQ@@._V1_UY67_CR0,0,45,67_AL_.jpg",04 Dec 2020,7.1,131 min,"Gary Oldman, Amanda Seyfried, Lily Collins",David Fincher
10 Jul 2001,55,N/A,1986,movie,49,"Action, Family, Sport",N/A,English,44%,55/100,PG,Nominated for 1 Oscar. 4 wins & 3 nominations total,"84,523",Robert Mark Kamen,United States,The Karate Kid Part II,6.1/10,tt0091326,"Daniel accompanies his mentor, Mr. Miyagi, to Miyagi's childhood home in Okinawa. Miyagi visits his dying father and confronts his old rival, while Daniel falls in love and inadvertently makes a new rival of his own.","$115,103,979","https://m.media-amazon.com/images/M/MV5BY2E3YjliMWEtYzlmOC00NmU5LWE4NGItNmIyZmNkZjkwNTA0XkEyXkFqcGdeQXVyMTQxNzMzNDI@._V1_UX45_CR0,0,45,67_AL_.jpg",20 Jun 1986,6.1,113 min,"Pat Morita, Ralph Macchio, Pat E. Johnson",John G. Avildsen
25 Dec 2019,78,N/A,2019,movie,50,"Action, Drama, War",N/A,"English, French, German",89%,78/100,R,Won 3 Oscars. 134 wins & 200 nominations total,"506,553","Sam Mendes, Krysty Wilson-Cairns","United States, United Kingdom, India, Spain, Canada, China",1917,8.3/10,tt8579674,"April 6th, 1917. As a regiment assembles to wage war deep in enemy territory, two soldiers are assigned to race against time and deliver a message that will stop 1,600 men from walking straight into a deadly trap.","$159,227,644","https://m.media-amazon.com/images/M/MV5BOTdmNTFjNDEtNzg0My00ZjkxLTg1ZDAtZTdkMDc2ZmFiNWQ1XkEyXkFqcGdeQXVyNTAzNzgwNTg@._V1_UX45_CR0,0,45,67_AL_.jpg",10 Jan 2020,8.3,119 min,"Dean-Charles Chapman, George MacKay, Daniel Mays",Sam Mendes
28 May 2002,65,N/A,2001,movie,51,"Adventure, Family, Fantasy",N/A,"English, Latin",81%,65/100,PG,Nominated for 3 Oscars. 17 wins & 68 nominations total,"708,813","J.K. Rowling, Steve Kloves","United Kingdom, United States",Harry Potter and the Sorcerer's Stone,7.6/10,tt0241527,"An orphaned boy enrolls in a school of wizardry, where he learns the truth about himself, his family and the terrible evil that haunts the magical world.","$318,087,620","https://m.media-amazon.com/images/M/MV5BNjQ3NWNlNmQtMTE5ZS00MDdmLTlkZjUtZTBlM2UxMGFiMTU3XkEyXkFqcGdeQXVyNjUwNzk3NDc@._V1_UY67_CR0,0,45,67_AL_.jpg",16 Nov 2001,7.6,152 min,"Daniel Radcliffe, Rupert Grint, Richard Harris",Chris Columbus
06 Aug 2002,92,N/A,2001,movie,52,"Action, Adventure, Drama",N/A,"English, Sindarin",91%,92/100,PG-13,Won 4 Oscars. 120 wins & 126 nominations total,"1,745,097","J.R.R. Tolkien, Fran Walsh, Philippa Boyens","New Zealand, United States",The Lord of the Rings: The Fellowship of the Ring,8.8/10,tt0120737,A meek Hobbit from the Shire and eight companions set out on a journey to destroy the powerful One Ring and save Middle-earth from the Dark Lord Sauron.,"$315,710,750","https://m.media-amazon.com/images/M/MV5BN2EyZjM3NzUtNWUzMi00MTgxLWI0NTctMzY4M2VlOTdjZWRiXkEyXkFqcGdeQXVyNDUzOTQ5MjY@._V1_UY67_CR0,0,45,67_AL_.jpg",19 Dec 2001,8.8,178 min,"Elijah Wood, Ian McKellen, Orlando Bloom",Peter Jackson
26 Jan 2021,64,N/A,2020,movie,53,"Action, Drama, Thriller",N/A,"English, Spanish, Russian",78%,64/100,PG-13,1 win & 2 nominations,"102,541",Chris Sparling,"United States, United Kingdom",Greenland,6.4/10,tt7737786,A family struggles for survival in the face of a cataclysmic natural disaster.,N/A,"https://m.media-amazon.com/images/M/MV5BMzcyMzU4MDUtM2JhOC00ZDg2LTg5MGMtZjc2OGMyMjhlMGE2XkEyXkFqcGdeQXVyMTkxNjUyNQ@@._V1_UY67_CR0,0,45,67_AL_.jpg",18 Dec 2020,6.4,119 min,"Gerard Butler, Morena Baccarin, Roger Dale Floyd",Ric Roman Waugh
18 Dec 2020,87,N/A,2020,movie,54,"Drama, Music",N/A,English,97%,87/100,R,Won 2 Oscars. 80 wins & 188 nominations total,"47,204","Ruben Santiago-Hudson, August Wilson",United States,Ma Rainey's Black Bottom,6.9/10,tt10514222,Tensions rise when trailblazing blues singer Ma Rainey and her band gather at a recording studio in Chicago in 1927.,N/A,"https://m.media-amazon.com/images/M/MV5BNTBlZGY1OTAtN2RjMC00ZThiLWFiZmUtN2VkOGMxNmMyYjQwXkEyXkFqcGdeQXVyMDM2NDM2MQ@@._V1_UY67_CR0,0,45,67_AL_.jpg",18 Dec 2020,7.1,94 min,"Viola Davis, Chadwick Boseman, Glynn Turman",George C. Wolfe
16 Sep 2020,55,N/A,2020,movie,55,"Crime, Drama, Thriller",N/A,English,64%,55/100,R,3 nominations,"115,743","Antonio Campos, Paulo Campos, Donald Ray Pollock",United States,The Devil All the Time,7.1/10,tt7395114,Sinister characters converge around a young man devoted to protecting those he loves in a postwar backwoods town teeming with corruption and brutality.,N/A,"https://m.media-amazon.com/images/M/MV5BZmE1NmVmN2EtMjZmZC00YzAyLWE4MWEtYjY5YmExMjUxODU1XkEyXkFqcGdeQXVyMTkxNjUyNQ@@._V1_UY67_CR0,0,45,67_AL_.jpg",16 Sep 2020,7.1,138 min,"Tom Holland, Bill Skarsgård, Riley Keough",Antonio Campos
08 Jan 2021,81,N/A,2020,movie,56,"Documentary, Crime, Thriller",N/A,"Arabic, Turkish, English",96%,81/100,PG-13,4 wins & 12 nominations total,"28,608","Bryan Fogel, Mark Monroe",United States,The Dissident,7.9/10,tt11382384,"When Washington Post journalist Jamal Khashoggi disappears in Istanbul, his fiancée and dissidents around the world piece together the clues to a murder and expose a global cover up.","$57,000","https://m.media-amazon.com/images/M/MV5BNjJlOWUwODAtYWQ3My00MTBjLWIyYjgtZGFiNDRlYjc5NWUyXkEyXkFqcGdeQXVyMDM2NDM2MQ@@._V1_UY67_CR0,0,45,67_AL_.jpg",08 Jan 2021,8.2,119 min,"Omar Abdulaziz, Fahrettin Altun, John O. Brennan",Bryan Fogel
06 May 2003,75,N/A,2002,movie,57,"Biography, Crime, Drama",N/A,"English, French",96%,75/100,PG-13,Nominated for 2 Oscars. 16 wins & 46 nominations total,"892,674","Jeff Nathanson, Frank Abagnale Jr., Stan Redding","United States, Canada",Catch Me If You Can,8.1/10,tt0264464,"Barely 21 yet, Frank is a skilled forger who has passed as a doctor, lawyer and pilot. FBI agent Carl becomes obsessed with tracking down the con man, who only revels in the pursuit.","$164,615,351","https://m.media-amazon.com/images/M/MV5BMTY5MzYzNjc5NV5BMl5BanBnXkFtZTYwNTUyNTc2._V1_UY67_CR0,0,45,67_AL_.jpg",25 Dec 2002,8.1,141 min,"Leonardo DiCaprio, Tom Hanks, Christopher Walken",Steven Spielberg
21 Dec 1999,80,N/A,1994,movie,58,Drama,N/A,English,91%,80/100,R,Nominated for 7 Oscars. 21 wins & 43 nominations total,"2,485,751","Stephen King, Frank Darabont",United States,The Shawshank Redemption,9.3/10,tt0111161,"Two imprisoned men bond over a number of years, finding solace and eventual redemption through acts of common decency.","$28,699,976","https://m.media-amazon.com/images/M/MV5BMDFkYTc0MGEtZmNhMC00ZDIzLWFmNTEtODM1ZmRlYWMwMWFmXkEyXkFqcGdeQXVyMTMxODk2OTU@._V1_UY67_CR0,0,45,67_AL_.jpg",14 Oct 1994,9.3,142 min,"Tim Robbins, Morgan Freeman, Bob Gunton",Frank Darabont
17 Dec 2020,56,N/A,2020,movie,59,"Animation, Adventure, Comedy",N/A,English,77%,56/100,PG,30 nominations,"34,916","Kevin Hageman, Dan Hageman, Paul Fisher",United States,The Croods: A New Age,7.0/10,tt2850386,"The prehistoric family the Croods are challenged by a rival family the Bettermans, who claim to be better and more evolved.","$58,568,815","https://m.media-amazon.com/images/M/MV5BNGU1NGNiYzYtMTQ2Ni00M2ZlLTg0N2QtMDFhMzNjNzcyMGYyXkEyXkFqcGdeQXVyMDM2NDM2MQ@@._V1_UY67_CR0,0,45,67_AL_.jpg",25 Nov 2020,7.0,95 min,"Nicolas Cage, Emma Stone, Ryan Reynolds",Joel Crawford
23 Nov 2010,71,N/A,2011,movie,60,"Crime, Drama, Mystery",N/A,"English, Swedish",86%,71/100,R,Won 1 Oscar. 27 wins & 91 nominations total,"444,010","Steven Zaillian, Stieg Larsson","United States, Sweden, Norway",The Girl with the Dragon Tattoo,7.8/10,tt1568346,"Journalist Mikael Blomkvist is aided in his search for a woman who has been missing for forty years by Lisbeth Salander, a young computer hacker.","$102,515,793","https://m.media-amazon.com/images/M/MV5BMTczNDk4NTQ0OV5BMl5BanBnXkFtZTcwNDAxMDgxNw@@._V1_UY67_CR0,0,45,67_AL_.jpg",21 Dec 2011,7.8,158 min,"Daniel Craig, Rooney Mara, Christopher Plummer",David Fincher
21 May 2021,57,N/A,2021,movie,61,"Action, Crime, Horror",N/A,"English, Spanish, German, French",67%,57/100,R,2 nominations,"152,402","Zack Snyder, Shay Hatten, Joby Harold",United States,Army of the Dead,5.8/10,tt0993840,"Following a zombie outbreak in Las Vegas, a group of mercenaries take the ultimate gamble, venturing into the quarantine zone to pull off the greatest heist ever attempted.",N/A,"https://m.media-amazon.com/images/M/MV5BYWM2MDMxNTUtODlmMC00N2JhLTg3ZTMtMDFkYTYzOWQyNTgzXkEyXkFqcGdeQXVyODEwMTc2ODQ@._V1_UY67_CR4,0,45,67_AL_.jpg",21 May 2021,5.8,148 min,"Dave Bautista, Ella Purnell, Ana de la Reguera",Zack Snyder
31 Mar 2015,74,N/A,2014,movie,62,"Adventure, Drama, Sci-Fi",N/A,English,72%,74/100,PG-13,Won 1 Oscar. 44 wins & 148 nominations total,"1,641,725","Jonathan Nolan, Christopher Nolan","United Kingdom, Canada, United States",Interstellar,8.6/10,tt0816692,A team of explorers travel through a wormhole in space in an attempt to ensure humanity's survival.,"$188,020,017","https://m.media-amazon.com/images/M/MV5BZjdkOTU3MDktN2IxOS00OGEyLWFmMjktY2FiMmZkNWIyODZiXkEyXkFqcGdeQXVyMTMxODk2OTU@._V1_UY67_CR0,0,45,67_AL_.jpg",07 Nov 2014,8.6,169 min,"Matthew McConaughey, Anne Hathaway, Jessica Chastain",Christopher Nolan
09 Dec 2008,84,N/A,2008,movie,63,"Action, Crime, Drama",N/A,"English, Mandarin",94%,84/100,PG-13,Won 2 Oscars. 159 wins & 163 nominations total,"2,443,960","Jonathan Nolan, Christopher Nolan, David S. Goyer","United States, United Kingdom",The Dark Knight,9.0/10,tt0468569,"When the menace known as the Joker wreaks havoc and chaos on the people of Gotham, Batman must accept one of the greatest psychological and physical tests of his ability to fight injustice.","$534,858,444","https://m.media-amazon.com/images/M/MV5BMTMxNTMwODM0NF5BMl5BanBnXkFtZTcwODAyMTk2Mw@@._V1_UY67_CR0,0,45,67_AL_.jpg",18 Jul 2008,9.0,152 min,"Christian Bale, Heath Ledger, Aaron Eckhart",Christopher Nolan
23 Mar 2021,44,N/A,2021,movie,64,"Action, Drama, Thriller",N/A,"English, Spanish",38%,44/100,PG-13,N/A,"25,030","Chris Charles, Danny Kravitz, Robert Lorenz",United States,The Marksman,5.6/10,tt6902332,A rancher on the Arizona border becomes the unlikely defender of a young Mexican boy desperately fleeing the cartel assassins who've pursued him into the U.S.,"$15,566,093","https://m.media-amazon.com/images/M/MV5BODdlNThhMTUtNmU1OS00ZjM3LWE1ZjMtOWViN2RhYWRiZTg5XkEyXkFqcGdeQXVyMDA4NzMyOA@@._V1_UY67_CR0,0,45,67_AL_.jpg",15 Jan 2021,6.2,108 min,"Katheryn Winnick, Liam Neeson, Teresa Ruiz",Robert Lorenz
N/A,N/A,N/A,2021,movie,65,"Action, Sci-Fi",N/A,English,,,R,1 nomination,N/A,"Lana Wachowski, David Mitchell, Aleksandar Hemon",United States,The Matrix 4,,tt10838180,The plot is currently unknown.,N/A,"https://m.media-amazon.com/images/M/MV5BN2I5NzlmMWYtYjIwYy00Y2ZiLWI0ODgtYjAxNDZiZGJlMjlhXkEyXkFqcGdeQXVyMzk1MDQ2MQ@@._V1_UY67_CR28,0,45,67_AL_.jpg",22 Dec 2021,N/A,148 min,"Keanu Reeves, Christina Ricci, Carrie-Anne Moss",Lana Wachowski
09 Nov 2021,68,N/A,2021,movie,66,"Action, Adventure, Thriller",N/A,"English, French, Italian, Russian, Spanish, German",84%,68/100,PG-13,3 nominations,"166,926","Neal Purvis, Robert Wade, Cary Joji Fukunaga","United Kingdom, United States",No Time to Die,7.5/10,tt2382320,"James Bond has left active service. His peace is short-lived when Felix Leiter, an old friend from the CIA, turns up asking for help, leading Bond onto the trail of a mysterious villain armed with dangerous new technology.","$144,862,031","https://m.media-amazon.com/images/M/MV5BYmQ3MTY4NDUtOWExZi00OGQxLTgzNmQtODI1MTFkZjMyMDY0XkEyXkFqcGdeQXVyODk2NDQ3MTA@._V1_UY67_CR0,0,45,67_AL_.jpg",08 Oct 2021,7.5,163 min,"Daniel Craig, Ana de Armas, Rami Malek",Cary Joji Fukunaga
03 Oct 2019,59,N/A,2019,movie,67,"Crime, Drama, Thriller",N/A,English,68%,59/100,R,Won 2 Oscars. 119 wins & 238 nominations total,"1,091,797","Todd Phillips, Scott Silver, Bob Kane","United States, Canada",Joker,8.4/10,tt7286456,"In Gotham City, mentally troubled comedian Arthur Fleck is disregarded and mistreated by society. He then embarks on a downward spiral of revolution and bloody crime. This path brings him face-to-face with his alter-ego: the Joker.","$335,451,311","https://m.media-amazon.com/images/M/MV5BNGVjNWI4ZGUtNzE0MS00YTJmLWE0ZDctN2ZiYTk2YmI3NTYyXkEyXkFqcGdeQXVyMTkxNjUyNQ@@._V1_UY67_CR0,0,45,67_AL_.jpg",04 Oct 2019,8.5,122 min,"Joaquin Phoenix, Robert De Niro, Zazie Beetz",Todd Phillips
10 Jul 2020,83,N/A,2020,movie,68,"Comedy, Fantasy, Mystery",N/A,English,95%,83/100,R,14 wins & 43 nominations,"136,178","Andy Siara, Max Barbakow","United States, Hong Kong",Palm Springs,7.4/10,tt9484998,"Stuck in a time loop, two wedding guests develop a budding romance while living the same day over and over again.","$164,000","https://m.media-amazon.com/images/M/MV5BYjk0MTgzMmQtZmY2My00NmE5LWExNGUtYjZkNTA3ZDkyMTJiXkEyXkFqcGdeQXVyMTkxNjUyNQ@@._V1_UY67_CR0,0,45,67_AL_.jpg",10 Jul 2020,7.4,90 min,"Andy Samberg, Cristin Milioti, J.K. Simmons",Max Barbakow
N/A,N/A,N/A,2022,movie,69,"Action, Crime, Drama",N/A,English,,,N/A,3 nominations,N/A,"Matt Reeves, Peter Craig, Bob Kane",United States,The Batman,,tt1877830,"In his second year of fighting crime, Batman uncovers corruption in Gotham City that connects to his own family while facing a serial killer known as the Riddler.",N/A,"https://m.media-amazon.com/images/M/MV5BZTE2YTY3YTMtM2FlMS00YmI3LTgyMWUtM2FhMWIyZWRmMDk5XkEyXkFqcGdeQXVyMTkxNjUyNQ@@._V1_UY67_CR4,0,45,67_AL_.jpg",04 Mar 2022,N/A,N/A,"Barry Keoghan, Peter Sarsgaard, Robert Pattinson",Matt Reeves
20 Mar 2020,71,N/A,2020,movie,70,"Comedy, Drama, Romance",N/A,English,87%,71/100,PG,Nominated for 2 Oscars. 10 wins & 58 nominations total,"42,978","Eleanor Catton, Jane Austen",United Kingdom,Emma.,6.7/10,tt9214832,"In 1800s England, a well meaning but selfish young woman meddles in the love lives of her friends.","$10,055,355","https://m.media-amazon.com/images/M/MV5BOGRiODEzM2QtOTUyYi00MWRlLTg4MzMtZGI0YmUzNWUyMjQ0XkEyXkFqcGdeQXVyMDA4NzMyOA@@._V1_UY67_CR0,0,45,67_AL_.jpg",06 Mar 2020,6.7,124 min,"Anya Taylor-Joy, Johnny Flynn, Mia Goth",Autumn de Wilde
16 Oct 2020,63,N/A,2020,movie,71,"Action, Adventure, Comedy",N/A,English,94%,63/100,PG-13,Nominated for 1 Oscar. 4 nominations total,"111,716","Brian Duffield, Matthew Robinson","Canada, United States, Australia",Love and Monsters,7.0/10,tt2222042,"Seven years after he survived the monster apocalypse, lovably hapless Joel leaves his cozy underground bunker behind on a quest to reunite with his ex.","$1,070,714","https://m.media-amazon.com/images/M/MV5BYWVkMWEyMDUtZTVmOC00MTYxLWE1ZTUtNjk4M2IzMjY2OTIxXkEyXkFqcGdeQXVyMDk5Mzc5MQ@@._V1_UX45_CR0,0,45,67_AL_.jpg",16 Oct 2020,7.0,109 min,"Dylan O'Brien, Jessica Henwick, Michael Rooker",Michael Matthews
22 Aug 1997,90,N/A,1990,movie,72,"Biography, Crime, Drama",N/A,"English, Italian",96%,90/100,R,Won 1 Oscar. 44 wins & 38 nominations total,"1,080,378","Nicholas Pileggi, Martin Scorsese",United States,Goodfellas,8.7/10,tt0099685,"The story of Henry Hill and his life in the mob, covering his relationship with his wife Karen Hill and his mob partners Jimmy Conway and Tommy DeVito in the Italian-American crime syndicate.","$46,836,214","https://m.media-amazon.com/images/M/MV5BY2NkZjEzMDgtN2RjYy00YzM1LWI4ZmQtMjIwYjFjNmI3ZGEwXkEyXkFqcGdeQXVyNzkwMjQ5NzM@._V1_UX45_CR0,0,45,67_AL_.jpg",21 Sep 1990,8.7,146 min,"Robert De Niro, Ray Liotta, Joe Pesci",Martin Scorsese
05 Apr 2018,64,N/A,2018,movie,73,"Action, Adventure, Sci-Fi",N/A,English,72%,64/100,PG-13,Nominated for 1 Oscar. 11 wins & 55 nominations total,"400,147","Zak Penn, Ernest Cline","United States, India",Ready Player One,7.4/10,tt1677720,"When the creator of a virtual reality called the OASIS dies, he makes a posthumous challenge to all OASIS users to find his Easter Egg, which will give the finder his fortune and control of his world.","$137,690,172","https://m.media-amazon.com/images/M/MV5BY2JiYTNmZTctYTQ1OC00YjU4LWEwMjYtZjkwY2Y5MDI0OTU3XkEyXkFqcGdeQXVyNTI4MzE4MDU@._V1_UY67_CR0,0,45,67_AL_.jpg",29 Mar 2018,7.5,140 min,"Tye Sheridan, Olivia Cooke, Ben Mendelsohn",Steven Spielberg
12 Nov 2021,39,N/A,2021,movie,74,"Action, Adventure, Comedy",N/A,English,35%,39/100,PG-13,N/A,"70,263",Rawson Marshall Thurber,United States,Red Notice,6.4/10,tt7991608,An Interpol agent tracks the world's most wanted art thief.,N/A,"https://m.media-amazon.com/images/M/MV5BOWQ2MWRiMTItNTk2ZC00MDc1LWI1ZTMtMTBjODU4YmU3YzIzXkEyXkFqcGdeQXVyNzU3NjUxMzE@._V1_UY67_CR11,0,45,67_AL_.jpg",12 Nov 2021,6.4,118 min,"Dwayne Johnson, Ryan Reynolds, Gal Gadot",Rawson Marshall Thurber
N/A,72,N/A,2021,movie,75,"Action, Adventure, Comedy",N/A,English,,72/100,R,1 nomination,"243,624",James Gunn,"United States, Canada, United Kingdom",The Suicide Squad,7.3/10,tt6334354,"Supervillains Harley Quinn, Bloodsport, Peacemaker and a collection of nutty cons at Belle Reve prison join the super-secret, super-shady Task Force X as they are dropped off at the remote, enemy-infused island of Corto Maltese.","$55,800,219","https://m.media-amazon.com/images/M/MV5BMzEzNzEyM2EtODM3OC00NWM4LTk3OTEtZjg3YjEzYTM1Zjk2XkEyXkFqcGdeQXVyMTkxNjUyNQ@@._V1_UY67_CR0,0,45,67_AL_.jpg",05 Aug 2021,7.3,132 min,"Margot Robbie, Idris Elba, John Cena",James Gunn
20 Dec 2019,53,N/A,2019,movie,76,"Action, Adventure, Fantasy",N/A,English,52%,53/100,PG-13,Nominated for 3 Oscars. 16 wins & 54 nominations total,"408,000","Chris Terrio, J.J. Abrams, Derek Connolly",United States,Star Wars: Episode IX - The Rise of Skywalker,6.6/10,tt2527338,"In the riveting conclusion of the landmark Skywalker saga, new legends will be born-and the final battle for freedom is yet to come.","$515,202,542","https://m.media-amazon.com/images/M/MV5BMDljNTQ5ODItZmQwMy00M2ExLTljOTQtZTVjNGE2NTg0NGIxXkEyXkFqcGdeQXVyODkzNTgxMDg@._V1_UY67_CR0,0,45,67_AL_.jpg",20 Dec 2019,6.6,141 min,"Daisy Ridley, John Boyega, Oscar Isaac",J.J. Abrams
19 Feb 2019,57,N/A,2018,movie,77,"Comedy, Drama",N/A,"English, Spanish",81%,57/100,PG-13,2 wins & 5 nominations,"100,314","Sean Anders, John Morris",United States,Instant Family,7.3/10,tt7401588,A couple find themselves in over their heads when they foster three children.,"$67,363,237","https://m.media-amazon.com/images/M/MV5BMTkzMzgzMTc1OF5BMl5BanBnXkFtZTgwNjQ4MzE0NjM@._V1_UY67_CR0,0,45,67_AL_.jpg",16 Nov 2018,7.3,118 min,"Mark Wahlberg, Rose Byrne, Isabela Merced",Sean Anders
N/A,39,N/A,2020,movie,78,"Action, Crime, Drama",N/A,"English, German, French, Chinese",,39/100,R,N/A,"49,616",Matthew Newton,United States,Ava,5.4/10,tt8784956,"Ava is a deadly assassin who works for a black ops organization, traveling the globe specializing in high profile hits. When a job goes dangerously wrong she is forced to fight for her own survival.","$497,747","https://m.media-amazon.com/images/M/MV5BMTMzMTg1MjgtOWNhYy00NmZmLWExOTctMjA2OTZhZDFkNDhhXkEyXkFqcGdeQXVyNzAwMjU2MTY@._V1_UY67_CR0,0,45,67_AL_.jpg",25 Sep 2020,5.4,96 min,"Jessica Chastain, John Malkovich, Common",Tate Taylor
07 Dec 2010,74,N/A,2010,movie,79,"Action, Adventure, Sci-Fi",N/A,"English, Japanese, French",87%,74/100,PG-13,Won 4 Oscars. 157 wins & 220 nominations total,"2,193,058",Christopher Nolan,"United Kingdom, United States",Inception,8.8/10,tt1375666,"A thief who steals corporate secrets through the use of dream-sharing technology is given the inverse task of planting an idea into the mind of a C.E.O., but his tragic past may doom the project and his team to disaster.","$292,576,195","https://m.media-amazon.com/images/M/MV5BMjAxMzY3NjcxNF5BMl5BanBnXkFtZTcwNTI5OTM0Mw@@._V1_UY67_CR0,0,45,67_AL_.jpg",16 Jul 2010,8.8,148 min,"Leonardo DiCaprio, Joseph Gordon-Levitt, Elliot Page",Christopher Nolan
27 Jun 2000,39,N/A,1985,movie,80,"Comedy, Crime, Mystery",N/A,"English, French",68%,39/100,PG,N/A,"91,436","John Landis, Jonathan Lynn, Anthony E. Pratt",United States,Clue,7.3/10,tt0088930,"Six guests are anonymously invited to a strange mansion for dinner, but after their host is killed, they must cooperate with the staff to identify the murderer as the bodies pile up.","$14,643,997","https://m.media-amazon.com/images/M/MV5BM2VlNTE1ZmMtOTAyNS00ODYwLWFmY2MtZWEzOTE2YjE1NDE2XkEyXkFqcGdeQXVyNDk3NzU2MTQ@._V1_UX45_CR0,0,45,67_AL_.jpg",13 Dec 1985,7.3,94 min,"Eileen Brennan, Tim Curry, Madeline Kahn",Jonathan Lynn
16 Jan 2018,81,N/A,2017,movie,81,"Drama, Mystery, Sci-Fi",N/A,"English, Finnish, Japanese, Hungarian, Russian, Somali, Spanish",88%,81/100,R,Won 2 Oscars. 99 wins & 158 nominations total,"514,333","Hampton Fancher, Michael Green, Philip K. Dick","United States, United Kingdom, Canada, Hungary, Spain, Mexico",Blade Runner 2049,8.0/10,tt1856101,"Young Blade Runner K's discovery of a long-buried secret leads him to track down former Blade Runner Rick Deckard, who's been missing for thirty years.","$92,054,159","https://m.media-amazon.com/images/M/MV5BNzA1Njg4NzYxOV5BMl5BanBnXkFtZTgwODk5NjU3MzI@._V1_UY67_CR0,0,45,67_AL_.jpg",06 Oct 2017,8.0,164 min,"Harrison Ford, Ryan Gosling, Ana de Armas",Denis Villeneuve
10 Oct 2020,43,N/A,2020,movie,82,"Action, Horror, Mystery",N/A,"English, Portuguese, Latin",36%,43/100,PG-13,4 nominations,"68,571","Josh Boone, Knate Lee",United States,The New Mutants,5.3/10,tt4682266,"Five young mutants, just discovering their abilities while held in a secret facility against their will, fight to escape their past sins and save themselves.","$23,852,659","https://m.media-amazon.com/images/M/MV5BZDQ2NTdmNDgtMGIwMS00ODE2LTk5M2EtZGZhYzc4MWRlNTU3XkEyXkFqcGdeQXVyNTc4MjczMTM@._V1_UY67_CR0,0,45,67_AL_.jpg",28 Aug 2020,5.3,94 min,"Maisie Williams, Anya Taylor-Joy, Charlie Heaton",Josh Boone
01 Sep 2015,90,N/A,2015,movie,83,"Action, Adventure, Sci-Fi",N/A,"English, Russian",97%,90/100,R,Won 6 Oscars. 245 wins & 231 nominations total,"937,182","George Miller, Brendan McCarthy, Nick Lathouris","Australia, South Africa",Mad Max: Fury Road,8.1/10,tt1392190,"In a post-apocalyptic wasteland, a woman rebels against a tyrannical ruler in search for her homeland with the aid of a group of female prisoners, a psychotic worshiper, and a drifter named Max.","$154,058,340","https://m.media-amazon.com/images/M/MV5BN2EwM2I5OWMtMGQyMi00Zjg1LWJkNTctZTdjYTA4OGUwZjMyXkEyXkFqcGdeQXVyMTMxODk2OTU@._V1_UY67_CR0,0,45,67_AL_.jpg",15 May 2015,8.1,120 min,"Tom Hardy, Charlize Theron, Nicholas Hoult",George Miller
N/A,N/A,N/A,2021,movie,84,"Short, Action, Adventure",N/A,English,,,N/A,N/A,389,Dylan Sides,United States,Jumanji: Level One,5.6/10,tt13249100,"Takes place in 1869, before the events of the original movie. It will finally reveal how the cursed game came to be and the adventures of the first people who played Jumanji.",N/A,"https://m.media-amazon.com/images/M/MV5BMWI0ZTM3ZmEtNmY2OS00NGFhLWFjYmYtMmNkMjMxNzBiZGIwXkEyXkFqcGdeQXVyMjI1MTU4OTM@._V1_UY67_CR2,0,45,67_AL_.jpg",20 Jan 2021,6.2,15 min,"Robert Laenen, Aqeel Ash-Shakoor, Aaron Matthew Atkisson",Lance Kawas
20 Nov 2020,46,N/A,2020,movie,85,"Action, Crime, Drama",N/A,"English, Spanish, German",40%,46/100,PG-13,1 nomination,"44,611","Steve Allrich, Mark Williams",United States,Honest Thief,6.0/10,tt1838556,"Wanting to lead an honest life, a notorious bank robber turns himself in, only to be double-crossed by two ruthless FBI agents.","$14,163,574","https://m.media-amazon.com/images/M/MV5BZjEwNjYyMTMtODc5Yi00NTg5LTkwMzAtZTkyOTcyNTFkMGIyXkEyXkFqcGdeQXVyMDA4NzMyOA@@._V1_UY67_CR0,0,45,67_AL_.jpg",16 Oct 2020,6.0,99 min,"Liam Neeson, Kate Walsh, Jai Courtney",Mark Williams
08 Jan 2021,N/A,N/A,2018,movie,86,"Animation, Adventure, Comedy",N/A,English,24%,,TV-Y7,N/A,"3,271",Ross Venokur,"Canada, United States, Cayman Islands",Charming,5.6/10,tt4086018,"Three fairy tale princesses find themselves engaged to the same guy, Prince Charming.",N/A,"https://m.media-amazon.com/images/M/MV5BYjUwNTFiNjctZDE0NS00YmNmLWI3NTctNGY4MTRhZWVhNGI1XkEyXkFqcGdeQXVyNzYxNDg0NTg@._V1_UY67_CR0,0,45,67_AL_.jpg",08 Jan 2021,5.6,85 min,"Demi Lovato, Wilmer Valderrama, Sia",Ross Venokur
20 Aug 2002,94,N/A,1994,movie,87,"Crime, Drama",N/A,"English, Spanish, French",92%,94/100,R,Won 1 Oscar. 70 wins & 75 nominations total,"1,926,015","Quentin Tarantino, Roger Avary",United States,Pulp Fiction,8.9/10,tt0110912,"The lives of two mob hitmen, a boxer, a gangster and his wife, and a pair of diner bandits intertwine in four tales of violence and redemption.","$107,928,762","https://m.media-amazon.com/images/M/MV5BNGNhMDIzZTUtNTBlZi00MTRlLWFjM2ItYzViMjE3YzI5MjljXkEyXkFqcGdeQXVyNzkwMjQ5NzM@._V1_UY67_CR0,0,45,67_AL_.jpg",14 Oct 1994,8.9,154 min,"John Travolta, Uma Thurman, Samuel L. Jackson",Quentin Tarantino
12 Jan 2021,N/A,N/A,2021,movie,88,"Animation, Action, Adventure",N/A,English,93%,,R,N/A,"4,538","Jeremy Adams, Bob Kane, Bill Finger",United States,Batman: Soul of the Dragon,6.1/10,tt12885852,"In the 1970s, a missing teacher of martial arts is the subject of a quest by his devoted and brilliant but distant students, who include Batman.",N/A,"https://m.media-amazon.com/images/M/MV5BMmQ0MDNmYTItMjcyOS00MDc1LTljMTItOTNmNmVlMTA3NmRiXkEyXkFqcGdeQXVyMTEyNzgwMDUw._V1_UY67_CR2,0,45,67_AL_.jpg",12 Jan 2021,5.9,83 min,"David Giuntoli, Mark Dacascos, Kelly Hu",Sam Liu
24 Sep 2020,68,N/A,2020,movie,89,"Action, Adventure, Crime",N/A,English,91%,68/100,PG-13,3 wins & 10 nominations,"151,595","Jack Thorne, Nancy Springer, Arthur Conan Doyle",United Kingdom,Enola Holmes,6.6/10,tt7846844,"When Enola Holmes-Sherlock's teen sister-discovers her mother missing, she sets off to find her, becoming a super-sleuth in her own right as she outwits her famous brother and unravels a dangerous conspiracy around a mysterious young",N/A,"https://m.media-amazon.com/images/M/MV5BZjNkNzk0ZjEtM2M1ZC00MmMxLTlmOWEtNWRlZTc1ZTUyNzY4XkEyXkFqcGdeQXVyMTEyMjM2NDc2._V1_UY67_CR0,0,45,67_AL_.jpg",23 Sep 2020,6.6,123 min,"Millie Bobby Brown, Henry Cavill, Sam Claflin",Harry Bradbeer
13 Feb 2007,85,N/A,2006,movie,90,"Crime, Drama, Thriller",N/A,"English, Cantonese",90%,85/100,R,Won 4 Oscars. 97 wins & 141 nominations total,"1,249,397","William Monahan, Alan Mak, Felix Chong","United States, Hong Kong",The Departed,8.5/10,tt0407887,An undercover cop and a mole in the police attempt to identify each other while infiltrating an Irish gang in South Boston.,"$132,384,315","https://m.media-amazon.com/images/M/MV5BMTI1MTY2OTIxNV5BMl5BanBnXkFtZTYwNjQ4NjY3._V1_UY67_CR0,0,45,67_AL_.jpg",06 Oct 2006,8.5,151 min,"Leonardo DiCaprio, Matt Damon, Jack Nicholson",Martin Scorsese
08 Nov 2019,58,N/A,2019,movie,91,"Comedy, Drama, War",N/A,"English, German",80%,58/100,PG-13,Won 1 Oscar. 48 wins & 194 nominations total,"345,279","Christine Leunens, Taika Waititi","New Zealand, Czech Republic, United States",Jojo Rabbit,7.9/10,tt2584384,A young German boy in the Hitler Youth whose hero and imaginary friend is the country's dictator is shocked to discover that his mother is hiding a Jewish girl in their home.,"$33,370,906","https://m.media-amazon.com/images/M/MV5BZjU0Yzk2MzEtMjAzYy00MzY0LTg2YmItM2RkNzdkY2ZhN2JkXkEyXkFqcGdeQXVyNDg4NjY5OTQ@._V1_UX45_CR0,0,45,67_AL_.jpg",08 Nov 2019,7.9,108 min,"Roman Griffin Davis, Thomasin McKenzie, Scarlett Johansson",Taika Waititi
17 Aug 2018,56,N/A,2018,movie,92,"Action, Comedy",N/A,"English, Spanish",56%,56/100,R,3 nominations,"125,506","Rob McKittrick, Mark Steilen, Russell Adams",United States,Tag,6.5/10,tt2854926,"A small group of former classmates organize an elaborate, annual game of tag that requires some to travel all over the country.","$54,730,625","https://m.media-amazon.com/images/M/MV5BNzk4NDM3NjkwNF5BMl5BanBnXkFtZTgwNTk5MzkzNTM@._V1_UY67_CR0,0,45,67_AL_.jpg",15 Jun 2018,6.5,100 min,"Jeremy Renner, Ed Helms, Jake Johnson",Jeff Tomsic
15 May 2007,73,N/A,1999,movie,93,"Action, Sci-Fi",N/A,English,88%,73/100,R,Won 4 Oscars. 42 wins & 51 nominations total,"1,775,697","Lilly Wachowski, Lana Wachowski","United States, Australia",The Matrix,8.7/10,tt0133093,"When a beautiful stranger leads computer hacker Neo to a forbidding underworld, he discovers the shocking truth--the life he knows is the elaborate deception of an evil cyber-intelligence.","$171,479,930","https://m.media-amazon.com/images/M/MV5BNzQzOTk3OTAtNDQ0Zi00ZTVkLWI0MTEtMDllZjNkYzNjNTc4L2ltYWdlXkEyXkFqcGdeQXVyNjU0OTQ0OTY@._V1_UX45_CR0,0,45,67_AL_.jpg",31 Mar 1999,8.7,136 min,"Keanu Reeves, Laurence Fishburne, Carrie-Anne Moss","Lana Wachowski, Lilly Wachowski"
15 Dec 2009,69,N/A,2009,movie,94,"Adventure, Drama, War",N/A,"English, German, French, Italian",89%,69/100,R,Won 1 Oscar. 133 wins & 172 nominations total,"1,346,769",Quentin Tarantino,"United States, Germany",Inglourious Basterds,8.3/10,tt0361748,"In Nazi-occupied France during World War II, a plan to assassinate Nazi leaders by a group of Jewish U.S. soldiers coincides with a theatre owner's vengeful plans for the same.","$120,540,719","https://m.media-amazon.com/images/M/MV5BOTJiNDEzOWYtMTVjOC00ZjlmLWE0NGMtZmE1OWVmZDQ2OWJhXkEyXkFqcGdeQXVyNTIzOTk5ODM@._V1_UY67_CR0,0,45,67_AL_.jpg",21 Aug 2009,8.3,153 min,"Brad Pitt, Diane Kruger, Eli Roth",Quentin Tarantino
N/A,60,N/A,2021,movie,95,"Crime, Drama",N/A,"English, Italian, Latin",,60/100,R,N/A,"30,357","David Chase, Lawrence Konner",United States,The Many Saints of Newark,6.4/10,tt8110232,"Witness the making of Tony Soprano. The story that reveals the humanity behind Tony's struggles and the influence his family - especially his uncle, Dickie Moltisanti - had over him becoming the most iconic mob boss of all time.","$8,201,441","https://m.media-amazon.com/images/M/MV5BMjYyYTNhMzktNDIwMi00NWFlLWFkMjQtY2RkZjEyNjVkYmMzXkEyXkFqcGdeQXVyODg3NzA4NTA@._V1_UY67_CR3,0,45,67_AL_.jpg",01 Oct 2021,6.4,120 min,"Alessandro Nivola, Leslie Odom Jr., Jon Bernthal",Alan Taylor
28 Aug 2001,82,N/A,1994,movie,96,"Drama, Romance",N/A,English,71%,82/100,PG-13,Won 6 Oscars. 50 wins & 75 nominations total,"1,926,048","Winston Groom, Eric Roth",United States,Forrest Gump,8.8/10,tt0109830,"The presidencies of Kennedy and Johnson, the Vietnam War, the Watergate scandal and other historical events unfold from the perspective of an Alabama man with an IQ of 75, whose only desire is to be reunited with his childhood sweeth","$330,455,270","https://m.media-amazon.com/images/M/MV5BNWIwODRlZTUtY2U3ZS00Yzg1LWJhNzYtMmZiYmEyNmU1NjMzXkEyXkFqcGdeQXVyMTQxNzMzNDI@._V1_UY67_CR0,0,45,67_AL_.jpg",06 Jul 1994,8.8,142 min,"Tom Hanks, Robin Wright, Gary Sinise",Robert Zemeckis
17 May 2016,83,N/A,2015,movie,97,"Drama, Horror, Mystery",N/A,English,90%,83/100,R,43 wins & 67 nominations,"227,256",Robert Eggers,"Canada, United States, United Kingdom",The Witch,6.9/10,tt4263482,"A family in 1630s New England is torn apart by the forces of witchcraft, black magic, and possession.","$25,138,705","https://m.media-amazon.com/images/M/MV5BMTUyNzkwMzAxOF5BMl5BanBnXkFtZTgwMzc1OTk1NjE@._V1_UY67_CR0,0,45,67_AL_.jpg",19 Feb 2016,6.9,92 min,"Anya Taylor-Joy, Ralph Ineson, Kate Dickie",Robert Eggers
14 Aug 2018,68,N/A,2018,movie,98,"Action, Adventure, Sci-Fi",N/A,English,85%,68/100,PG-13,Nominated for 1 Oscar. 46 wins & 77 nominations total,"942,315","Christopher Markus, Stephen McFeely, Stan Lee",United States,Avengers: Infinity War,8.4/10,tt4154756,The Avengers and their allies must be willing to sacrifice all in an attempt to defeat the powerful Thanos before his blitz of devastation and ruin puts an end to the universe.,"$678,815,482","https://m.media-amazon.com/images/M/MV5BMjMxNjY2MDU1OV5BMl5BanBnXkFtZTgwNzY1MTUwNTM@._V1_UY67_CR0,0,45,67_AL_.jpg",27 Apr 2018,8.4,149 min,"Robert Downey Jr., Chris Hemsworth, Mark Ruffalo","Anthony Russo, Joe Russo"
15 Jan 2021,45,N/A,2020,movie,99,"Drama, Thriller",N/A,English,71%,45/100,R,N/A,"3,455",Alex McAulay,United States,Don't Tell a Soul,5.9/10,tt8046498,"Two thieving teenage brothers, stealing money to help their sick mom, match wits with a troubled security guard stuck at the bottom of a forgotten well.",N/A,"https://m.media-amazon.com/images/M/MV5BZmIzOWFhYTAtMDZmYy00MWEyLWI2YWYtNmJhYWZjYWE0YmI1XkEyXkFqcGdeQXVyOTg4MDYyNw@@._V1_UY67_CR0,0,45,67_AL_.jpg",15 Jan 2021,5.9,83 min,"Jack Dylan Grazer, Fionn Whitehead, Rainn Wilson",Alex McAulay
13 Mar 2018,93,N/A,2017,movie,100,"Drama, Romance",N/A,"English, Italian, French, German, Hebrew",94%,93/100,R,Won 1 Oscar. 95 wins & 259 nominations total,"241,000","James Ivory, André Aciman","Italy, France, United States, Brazil",Call Me by Your Name,7.9/10,tt5726616,"In 1980s Italy, romance blossoms between a seventeen-year-old student and the older man hired as his father's research assistant.","$18,095,701","https://m.media-amazon.com/images/M/MV5BNDk3NTEwNjc0MV5BMl5BanBnXkFtZTgwNzYxNTMwMzI@._V1_UY67_CR0,0,45,67_AL_.jpg",19 Jan 2018,7.9,132 min,"Armie Hammer, Timothée Chalamet, Michael Stuhlbarg",Luca Guadagnino
